{"camera": {"intrinsics": [[493.95886261402063, 0.0, 400.0], [0, 493.9588626140207, 300.0], [0, 0, 1.0]], "field_of_view": {"y_axis_rads": 1.0915952875648998, "x_axis_rads": 1.361356816555577}, "focal_length_mm": 2.893, "transform_world2cam": {"mat_4x4": [[-0.048797472361618355, -0.0, -0.9988086937402564, 0.0], [0.0, 1.0, 0.0, 0.0], [0.9988086937402562, 0.0, -0.048797472361618355, 0.0], [-0.12598011745796692, -0.787, 0.42073313331516854, 1.0]], "translation_xyz": [-0.12598011745796692, -0.787, 0.42073313331516854], "quaternion_wxyz": [0.0, 0.7241538069918629, 0.0, 0.6896385022743378]}, "sensor": {"width_mm": 4.68541041606631, "height_mm": 3.5140578120497326}, "transform_cam2world": {"mat_4x4": [[-0.048797472361618355, 0.0, 0.9988086937402563, 0.0], [0.0, 1.0, 0.0, 0.0], [-0.9988086937402563, 0.0, -0.048797472361618355, 0.0], [0.4140844, 0.787, 0.14636075, 1.0]], "translation_xyz": [0.4140844, 0.787, 0.14636075], "quaternion_wxyz": [0.0, -0.724153806991862, 0.0, 0.6896385022743386]}}, "objects": [{"type": "wall", "mask_id": 0}, {"type": "floor", "mask_id": 1}, {"type": "furniture", "mask_id": 2}, {"position": [0.0, 0.0, 0.0], "type": "whiteboard", "bounding-box": {"max": [0.0, 0.0, 0.0], "min": [0.0, 0.0, 0.0]}, "corners": {"corner2": [1.5509999990463257, 1.526181936264038, 0.5959999561309814], "corner3": [1.5509999990463257, 0.699999988079071, -0.5099999904632568], "corner0": [1.5509999990463257, 0.699999988079071, 0.5959999561309814], "corner1": [1.5509999990463257, 1.526181936264038, -0.5099999904632568]}, "mask_id": 3}], "random_seed": 0.8303758}