{"camera": {"intrinsics": [[493.95886261402063, 0.0, 400.0], [0, 493.9588626140207, 300.0], [0, 0, 1.0]], "field_of_view": {"y_axis_rads": 1.0915952875648998, "x_axis_rads": 1.361356816555577}, "focal_length_mm": 2.893, "transform_world2cam": {"mat_4x4": [[0.9987007468214447, 0.0, 0.05095898643309554, 0.0], [0.0, 1.0, -0.0, 0.0], [-0.05095898643309554, 0.0, 0.9987007468214447, 0.0], [-0.30550301051671835, -0.778, 0.15254708351494484, 1.0]], "translation_xyz": [-0.30550301051671835, -0.778, 0.15254708351494484], "quaternion_wxyz": [0.0, -0.025487773329139617, 0.0, 0.9996751339363815]}, "sensor": {"width_mm": 4.68541041606631, "height_mm": 3.5140578120497326}, "transform_cam2world": {"mat_4x4": [[0.9987007468214448, 0.0, -0.05095898643309556, 0.0], [0.0, 1.0, 0.0, 0.0], [0.05095898643309556, 0.0, 0.9987007468214448, 0.0], [0.29733244, 0.778, -0.16791701, 1.0]], "translation_xyz": [0.29733244, 0.778, -0.16791701], "quaternion_wxyz": [0.0, 0.025487773329139617, 0.0, 0.9996751339363815]}}, "objects": [{"type": "wall", "mask_id": 0}, {"type": "floor", "mask_id": 1}, {"type": "furniture", "mask_id": 2}, {"position": [0.0, 0.0, 0.0], "type": "whiteboard", "bounding-box": {"max": [0.0, 0.0, 0.0], "min": [0.0, 0.0, 0.0]}, "corners": {"corner2": [1.5515000820159912, 1.6949620246887207, -0.4455000162124634], "corner3": [1.5515000820159912, 0.8559999465942383, -1.5464999675750732], "corner0": [1.5515000820159912, 0.8559999465942383, -0.4455000162124634], "corner1": [1.5515000820159912, 1.6949620246887207, -1.5464999675750732]}, "mask_id": 3}], "random_seed": 0.49560687}