{"camera": {"intrinsics": [[493.95886261402063, 0.0, 400.0], [0, 493.9588626140207, 300.0], [0, 0, 1.0]], "field_of_view": {"y_axis_rads": 1.0915952875648998, "x_axis_rads": 1.361356816555577}, "focal_length_mm": 2.893, "transform_world2cam": {"mat_4x4": [[0.5866692131113858, -0.0, -0.8098266693479955, 0.0], [-0.0, 1.0, 0.0, 0.0], [0.8098266693479954, 0.0, 0.5866692131113858, 0.0], [-0.04069643709291604, -0.778, 0.35159794564867247, 1.0]], "translation_xyz": [-0.04069643709291604, -0.778, 0.35159794564867247], "quaternion_wxyz": [0.0, 0.45460465620614493, 0.0, 0.8906933291294444]}, "sensor": {"width_mm": 4.68541041606631, "height_mm": 3.5140578120497326}, "transform_cam2world": {"mat_4x4": [[0.5866692131113856, 0.0, 0.8098266693479954, 0.0], [0.0, 1.0, 0.0, 0.0], [-0.8098266693479954, 0.0, 0.5866692131113856, 0.0], [0.30860874, 0.778, -0.17331463, 1.0]], "translation_xyz": [0.30860874, 0.778, -0.17331463], "quaternion_wxyz": [0.0, -0.4546046562061449, 0.0, 0.8906933291294444]}}, "objects": [{"type": "wall", "mask_id": 0}, {"type": "floor", "mask_id": 1}, {"type": "furniture", "mask_id": 2}, {"position": [0.0, 0.0, 0.0], "type": "whiteboard", "bounding-box": {"max": [0.0, 0.0, 0.0], "min": [0.0, 0.0, 0.0]}, "corners": {"corner2": [1.5515000820159912, 1.6949620246887207, -0.4455000162124634], "corner3": [1.5515000820159912, 0.8559999465942383, -1.5464999675750732], "corner0": [1.5515000820159912, 0.8559999465942383, -0.4455000162124634], "corner1": [1.5515000820159912, 1.6949620246887207, -1.5464999675750732]}, "mask_id": 3}], "random_seed": 0.49560687}