{"camera": {"intrinsics": [[493.95886261402063, 0.0, 400.0], [0, 493.9588626140207, 300.0], [0, 0, 1.0]], "field_of_view": {"y_axis_rads": 1.0915952875648998, "x_axis_rads": 1.361356816555577}, "focal_length_mm": 2.893, "transform_world2cam": {"mat_4x4": [[-0.35554744918482717, -0.0, -0.9346582323920134, 0.0], [0.0, 1.0, 0.0, 0.0], [0.9346582323920132, 0.0, -0.35554744918482717, 0.0], [0.27383980430739, -0.784, -0.2804437010477506, 1.0]], "translation_xyz": [0.27383980430739, -0.784, -0.2804437010477506], "quaternion_wxyz": [0.0, 0.823270140714707, 0.0, 0.5676497823549186]}, "sensor": {"width_mm": 4.68541041606631, "height_mm": 3.5140578120497326}, "transform_cam2world": {"mat_4x4": [[-0.3555474491848271, 0.0, 0.9346582323920133, 0.0], [0.0, 1.0, 0.0, 0.0], [-0.9346582323920133, 0.0, -0.3555474491848271, 0.0], [-0.16475597, 0.784, -0.35565767, 1.0]], "translation_xyz": [-0.16475597, 0.784, -0.35565767], "quaternion_wxyz": [0.0, -0.823270140714707, 0.0, 0.5676497823549186]}}, "objects": [{"type": "wall", "mask_id": 0}, {"type": "floor", "mask_id": 1}, {"type": "furniture", "mask_id": 2}, {"position": [0.0, 0.0, 0.0], "type": "whiteboard", "bounding-box": {"max": [0.0, 0.0, 0.0], "min": [0.0, 0.0, 0.0]}, "corners": {"corner2": [1.5515000820159912, 1.407884955406189, 0.39649996161460876], "corner3": [1.5515000820159912, 0.6360000371932983, -0.6124999523162842], "corner0": [1.5515000820159912, 0.6360000371932983, 0.39649996161460876], "corner1": [1.5515000820159912, 1.407884955406189, -0.6124999523162842]}, "mask_id": 3}], "random_seed": 0.7627116}