{"camera": {"intrinsics": [[493.95886261402063, 0.0, 400.0], [0, 493.9588626140207, 300.0], [0, 0, 1.0]], "field_of_view": {"y_axis_rads": 1.0915952875648998, "x_axis_rads": 1.361356816555577}, "focal_length_mm": 2.893, "transform_world2cam": {"mat_4x4": [[0.5902253309689968, -0.0, -0.8072385388982232, 0.0], [-0.0, 1.0, 0.0, 0.0], [0.8072385388982233, 0.0, 0.5902253309689968, 0.0], [0.3753275421048784, -0.784, 0.06826068145339041, 1.0]], "translation_xyz": [0.3753275421048784, -0.784, 0.06826068145339041], "quaternion_wxyz": [0.0, 0.45264482159359953, 0.0, 0.8916909024345255]}, "sensor": {"width_mm": 4.68541041606631, "height_mm": 3.5140578120497326}, "transform_cam2world": {"mat_4x4": [[0.5902253309689968, 0.0, 0.8072385388982232, 0.0], [0.0, 1.0, 0.0, 0.0], [-0.8072385388982232, 0.0, 0.5902253309689968, 0.0], [-0.16642517, 0.784, -0.34326804, 1.0]], "translation_xyz": [-0.16642517, 0.784, -0.34326804], "quaternion_wxyz": [0.0, -0.45264482159359953, 0.0, 0.8916909024345255]}}, "objects": [{"type": "wall", "mask_id": 0}, {"type": "floor", "mask_id": 1}, {"type": "furniture", "mask_id": 2}, {"position": [0.0, 0.0, 0.0], "type": "whiteboard", "bounding-box": {"max": [0.0, 0.0, 0.0], "min": [0.0, 0.0, 0.0]}, "corners": {"corner2": [1.5515000820159912, 1.407884955406189, 0.39649996161460876], "corner3": [1.5515000820159912, 0.6360000371932983, -0.6124999523162842], "corner0": [1.5515000820159912, 0.6360000371932983, 0.39649996161460876], "corner1": [1.5515000820159912, 1.407884955406189, -0.6124999523162842]}, "mask_id": 3}], "random_seed": 0.7627116}