{"camera": {"intrinsics": [[493.95886261402063, 0.0, 400.0], [0, 493.9588626140207, 300.0], [0, 0, 1.0]], "field_of_view": {"y_axis_rads": 1.0915952875648998, "x_axis_rads": 1.361356816555577}, "focal_length_mm": 2.893, "transform_world2cam": {"mat_4x4": [[0.9984669585855863, 0.0, 0.05535099468707601, 0.0], [0.0, 1.0, -0.0, 0.0], [-0.05535099468707601, 0.0, 0.9984669585855864, 0.0], [0.15874841807742324, -0.784, 0.34723928505027857, 1.0]], "translation_xyz": [0.15874841807742324, -0.784, 0.34723928505027857], "quaternion_wxyz": [0.0, -0.02768611036615213, 0.0, 0.9996166661739856]}, "sensor": {"width_mm": 4.68541041606631, "height_mm": 3.5140578120497326}, "transform_cam2world": {"mat_4x4": [[0.9984669585855865, 0.0, -0.05535099468707602, 0.0], [0.0, 1.0, 0.0, 0.0], [0.05535099468707602, 0.0, 0.9984669585855865, 0.0], [-0.17772509, 0.784, -0.33792007, 1.0]], "translation_xyz": [-0.17772509, 0.784, -0.33792007], "quaternion_wxyz": [0.0, 0.02768611036615213, 0.0, 0.9996166661739856]}}, "objects": [{"type": "wall", "mask_id": 0}, {"type": "floor", "mask_id": 1}, {"type": "furniture", "mask_id": 2}, {"position": [0.0, 0.0, 0.0], "type": "whiteboard", "bounding-box": {"max": [0.0, 0.0, 0.0], "min": [0.0, 0.0, 0.0]}, "corners": {"corner2": [1.5515000820159912, 1.407884955406189, 0.39649996161460876], "corner3": [1.5515000820159912, 0.6360000371932983, -0.6124999523162842], "corner0": [1.5515000820159912, 0.6360000371932983, 0.39649996161460876], "corner1": [1.5515000820159912, 1.407884955406189, -0.6124999523162842]}, "mask_id": 3}], "random_seed": 0.7627116}