{"camera": {"intrinsics": [[493.95886261402063, 0.0, 400.0], [0, 493.9588626140207, 300.0], [0, 0, 1.0]], "field_of_view": {"y_axis_rads": 1.0915952875648998, "x_axis_rads": 1.361356816555577}, "focal_length_mm": 2.893, "transform_world2cam": {"mat_4x4": [[0.9804535930843548, 0.0, -0.1967504810870315, 0.0], [-0.0, 1.0, -0.0, 0.0], [0.1967504810870315, 0.0, 0.9804535930843546, 0.0], [-0.18597429828511255, -0.756, -0.47146893091431635, 1.0]], "translation_xyz": [-0.18597429828511255, -0.756, -0.47146893091431635], "quaternion_wxyz": [0.0, 0.09885951374461939, 0.0, 0.9951014001307492]}, "sensor": {"width_mm": 4.68541041606631, "height_mm": 3.5140578120497326}, "transform_cam2world": {"mat_4x4": [[0.9804535930843549, 0.0, 0.19675048108703155, 0.0], [0.0, 1.0, 0.0, 0.0], [-0.19675048108703155, 0.0, 0.9804535930843549, 0.0], [0.08957743, 0.756, 0.49884394, 1.0]], "translation_xyz": [0.08957743, 0.756, 0.49884394], "quaternion_wxyz": [0.0, -0.09885951374461939, 0.0, 0.9951014001307492]}}, "objects": [{"type": "wall", "mask_id": 0}, {"type": "floor", "mask_id": 1}, {"type": "furniture", "mask_id": 2}, {"position": [0.0, 0.0, 0.0], "type": "whiteboard", "bounding-box": {"max": [0.0, 0.0, 0.0], "min": [0.0, 0.0, 0.0]}, "corners": {"corner2": [1.5540943145751953, 1.1724722385406494, 0.0522519052028656], "corner3": [1.5540943145751953, 0.5688940286636353, 0.0522519052028656], "corner0": [1.5540943145751953, 0.5688940286636353, 0.9637480974197388], "corner1": [1.5540943145751953, 1.1724722385406494, 0.9637480974197388]}, "mask_id": 3}], "random_seed": 0.9099473}